[
  {
    "task_id": "EPIC-1",
    "project_id": "PROJ-20251128014105",
    "title": "Разработка чат-бота для университета",
    "description": "Создание интеллектуального чат-бота, способного предоставлять информацию и отвечать на вопросы студентов, абитуриентов и сотрудников университета, а также имеющего панель управления для администраторов.",
    "type": "epic",
    "priority": "high",
    "status": "planned",
    "created_at": "2025-11-28T01:58:55.611484"
  },
  {
    "task_id": "US-2",
    "project_id": "PROJ-20251128014105",
    "title": "Получение информации о расписаниях, курсах и контактах",
    "description": "Как студент, я хочу задавать вопросы о академических расписаниях, доступных курсах и контактах преподавателей/отделов, чтобы быстро получать необходимую информацию без обращения к сотрудникам.",
    "type": "user_story",
    "priority": "high",
    "story_points": 8,
    "status": "planned",
    "created_at": "2025-11-28T01:58:55.611506"
  },
  {
    "task_id": "US-3",
    "project_id": "PROJ-20251128014105",
    "title": "Получение информации для абитуриентов",
    "description": "Как потенциальный абитуриент, я хочу задавать вопросы о требованиях для поступления и сроках подачи документов, чтобы правильно подготовить свои документы и своевременно подать заявление.",
    "type": "user_story",
    "priority": "medium",
    "story_points": 5,
    "status": "planned",
    "created_at": "2025-11-28T01:58:55.611521"
  },
  {
    "task_id": "US-4",
    "project_id": "PROJ-20251128014105",
    "title": "Управление и обновление данных чат-бота",
    "description": "Как администратор университета, я хочу легко обновлять информацию, доступную чат-боту (расписания, курсы, контакты, правила приема), чтобы пользователи всегда получали актуальные данные.",
    "type": "user_story",
    "priority": "high",
    "story_points": 13,
    "status": "planned",
    "created_at": "2025-11-28T01:58:55.611532"
  },
  {
    "task_id": "US-5",
    "project_id": "PROJ-20251128014105",
    "title": "Мониторинг использования и аналитика чат-бота",
    "description": "Как администратор университета, я хочу просматривать аналитические данные об использовании чат-бота и часто задаваемых вопросах, чтобы выявлять проблемные зоны и возможности для улучшения функционала.",
    "type": "user_story",
    "priority": "medium",
    "story_points": 8,
    "status": "planned",
    "created_at": "2025-11-28T01:58:55.611541"
  },
  {
    "assignee": null,
    "complexity": "medium",
    "deadline": null,
    "definition_of_done": [
      "Утвержденный архитектурный документ с описанием выбранного стека технологий.",
      "Схема взаимодействия модулей и внешних систем готова."
    ],
    "dependencies": [],
    "description": "Разработка высокоуровневой архитектуры чат-бота, выбор базовой платформы (например, Rasa, Dialogflow, Microsoft Bot Framework), определение основных модулей и их взаимодействия, а также возможных интеграций с внешними системами.",
    "estimated_hours": 20,
    "priority": "high",
    "story_points": 5,
    "task_id": "TASK-6",
    "title": "T1. Проектирование архитектуры чат-бота",
    "type": "development",
    "project_id": "PROJ-20251128014105",
    "status": "planned",
    "created_at": "2025-11-28T01:58:55.611545"
  },
  {
    "assignee": null,
    "complexity": "high",
    "deadline": null,
    "definition_of_done": [
      "Минимально жизнеспособный продукт (MVP) ядра чат-бота обрабатывает простые запросы и выдает заглушки ответов.",
      "NLP-движок настроен и способен распознавать базовые интенты."
    ],
    "dependencies": [
      "T1"
    ],
    "description": "Реализация основы чат-бота, включая модуль обработки естественного языка (NLP) для понимания пользовательских запросов, и базовую логику диалогового менеджера.",
    "estimated_hours": 32,
    "priority": "high",
    "story_points": 8,
    "task_id": "TASK-7",
    "title": "T2. Разработка базового функционала ядра чат-бота",
    "type": "development",
    "project_id": "PROJ-20251128014105",
    "status": "planned",
    "created_at": "2025-11-28T01:58:55.611549"
  },
  {
    "assignee": null,
    "complexity": "medium",
    "deadline": null,
    "definition_of_done": [
      "База данных с актуальными расписаниями и описаниями курсов готова.",
      "Контактные данные преподавателей и отделов собраны и структурированы."
    ],
    "dependencies": [],
    "description": "Сбор всей необходимой информации о расписаниях занятий, учебных курсах, учебных программах, а также контактных данных преподавателей и отделов университета. Подготовка данных для импорта в базу знаний чат-бота.",
    "estimated_hours": 20,
    "priority": "high",
    "story_points": 5,
    "task_id": "TASK-8",
    "title": "T3. Сбор и структурирование данных для расписаний и курсов",
    "type": "other",
    "project_id": "PROJ-20251128014105",
    "status": "planned",
    "created_at": "2025-11-28T01:58:55.611551"
  },
  {
    "assignee": null,
    "complexity": "high",
    "deadline": null,
    "definition_of_done": [
      "Чат-бот успешно отвечает на запросы, связанные с расписаниями и курсами.",
      "Ответы корректны и соответствуют данным из базы знаний."
    ],
    "dependencies": [
      "T2",
      "T3"
    ],
    "description": "Реализация логики извлечения и предоставления информации о расписаниях занятий и описаниях курсов из базы данных чат-бота на основе запросов пользователей.",
    "estimated_hours": 32,
    "priority": "high",
    "story_points": 8,
    "task_id": "TASK-9",
    "title": "T4. Разработка модуля ответов по расписаниям и курсам",
    "type": "development",
    "project_id": "PROJ-20251128014105",
    "status": "planned",
    "created_at": "2025-11-28T01:58:55.611553"
  },
  {
    "assignee": null,
    "complexity": "medium",
    "deadline": null,
    "definition_of_done": [
      "Чат-бот успешно отвечает на запросы о контактной информации.",
      "Ответы содержат актуальные и полные контактные данные."
    ],
    "dependencies": [
      "T2",
      "T3"
    ],
    "description": "Реализация логики извлечения и предоставления контактных данных преподавателей и отделов из базы данных чат-бота.",
    "estimated_hours": 20,
    "priority": "medium",
    "story_points": 5,
    "task_id": "TASK-10",
    "title": "T5. Разработка модуля ответов по контактам",
    "type": "development",
    "project_id": "PROJ-20251128014105",
    "status": "planned",
    "created_at": "2025-11-28T01:58:55.611556"
  },
  {
    "assignee": null,
    "complexity": "medium",
    "deadline": null,
    "definition_of_done": [
      "Все тест-кейсы для сценариев запросов расписаний, курсов и контактов пройдены успешно.",
      "Ошибки, связанные с точностью и полнотой ответов, исправлены."
    ],
    "dependencies": [
      "T4",
      "T5"
    ],
    "description": "Тестирование всех разработанных модулей для получения информации (расписания, курсы, контакты) на предмет корректности, точности и полноты ответов чат-бота на различные типы запросов студентов.",
    "estimated_hours": 20,
    "priority": "high",
    "story_points": 5,
    "task_id": "TASK-11",
    "title": "T6. Интеграционное тестирование функционала ответов (студенты)",
    "type": "testing",
    "project_id": "PROJ-20251128014105",
    "status": "planned",
    "created_at": "2025-11-28T01:58:55.611557"
  },
  {
    "assignee": null,
    "complexity": "low",
    "deadline": null,
    "definition_of_done": [
      "База данных с актуальной информацией для абитуриентов (требования, сроки) готова.",
      "Данные структурированы для использования чат-ботом."
    ],
    "dependencies": [],
    "description": "Сбор всей необходимой информации о требованиях для поступления, датах подачи документов, списке необходимых бумаг и вступительных испытаниях. Подготовка данных для импорта в базу знаний чат-бота.",
    "estimated_hours": 12,
    "priority": "medium",
    "story_points": 3,
    "task_id": "TASK-12",
    "title": "T7. Сбор и структурирование данных по приему абитуриентов",
    "type": "other",
    "project_id": "PROJ-20251128014105",
    "status": "planned",
    "created_at": "2025-11-28T01:58:55.611559"
  },
  {
    "assignee": null,
    "complexity": "medium",
    "deadline": null,
    "definition_of_done": [
      "Чат-бот успешно отвечает на вопросы абитуриентов.",
      "Предоставляемая информация соответствует требованиям и срокам."
    ],
    "dependencies": [
      "T2",
      "T7"
    ],
    "description": "Реализация логики извлечения и предоставления информации о требованиях для поступления и сроках подачи документов абитуриентам.",
    "estimated_hours": 20,
    "priority": "medium",
    "story_points": 5,
    "task_id": "TASK-13",
    "title": "T8. Разработка модуля ответов по приему абитуриентов",
    "type": "development",
    "project_id": "PROJ-20251128014105",
    "status": "planned",
    "created_at": "2025-11-28T01:58:55.611560"
  },
  {
    "assignee": null,
    "complexity": "low",
    "deadline": null,
    "definition_of_done": [
      "Все тест-кейсы для сценариев запросов абитуриентов пройдены успешно.",
      "Ошибки в ответах для абитуриентов исправлены."
    ],
    "dependencies": [
      "T8"
    ],
    "description": "Тестирование модуля ответов по приему абитуриентов на предмет точности, полноты и актуальности предоставляемой информации.",
    "estimated_hours": 12,
    "priority": "medium",
    "story_points": 3,
    "task_id": "TASK-14",
    "title": "T9. Тестирование функционала для абитуриентов",
    "type": "testing",
    "project_id": "PROJ-20251128014105",
    "status": "planned",
    "created_at": "2025-11-28T01:58:55.611561"
  },
  {
    "assignee": null,
    "complexity": "medium",
    "deadline": null,
    "definition_of_done": [
      "Макеты UI/UX для админ-панели готовы и утверждены заказчиком.",
      "Прототип взаимодействия пользователя с админ-панелью разработан."
    ],
    "dependencies": [],
    "description": "Разработка дизайна пользовательского интерфейса (UI/UX) для административной панели, включающей экраны для управления расписаниями, курсами, контактами и информацией для абитуриентов.",
    "estimated_hours": 12,
    "priority": "high",
    "story_points": 3,
    "task_id": "TASK-15",
    "title": "T10. Проектирование административной панели",
    "type": "design",
    "project_id": "PROJ-20251128014105",
    "status": "planned",
    "created_at": "2025-11-28T01:58:55.611563"
  },
  {
    "assignee": null,
    "complexity": "high",
    "deadline": null,
    "definition_of_done": [
      "Бэкенд API для админ-панели реализован и протестирован юнит-тестами.",
      "Все необходимые CRUD операции поддерживаются."
    ],
    "dependencies": [
      "T1",
      "T3",
      "T7"
    ],
    "description": "Реализация API и бизнес-логики для выполнения CRUD (создание, чтение, обновление, удаление) операций с данными, используемыми чат-ботом (расписания, курсы, контакты, прием), через административную панель.",
    "estimated_hours": 32,
    "priority": "high",
    "story_points": 8,
    "task_id": "TASK-16",
    "title": "T11. Разработка бэкенда для админ-панели",
    "type": "development",
    "project_id": "PROJ-20251128014105",
    "status": "planned",
    "created_at": "2025-11-28T01:58:55.611564"
  },
  {
    "assignee": null,
    "complexity": "high",
    "deadline": null,
    "definition_of_done": [
      "Фронтенд админ-панели разработан и интегрирован с бэкендом.",
      "Все элементы UI функционируют согласно дизайн-макетам."
    ],
    "dependencies": [
      "T10",
      "T11"
    ],
    "description": "Реализация пользовательского интерфейса административной панели на основе утвержденных макетов UI/UX, обеспечение взаимодействия с бэкенд API для управления данными.",
    "estimated_hours": 32,
    "priority": "high",
    "story_points": 8,
    "task_id": "TASK-17",
    "title": "T12. Разработка фронтенда для админ-панели",
    "type": "development",
    "project_id": "PROJ-20251128014105",
    "status": "planned",
    "created_at": "2025-11-28T01:58:55.611566"
  },
  {
    "assignee": null,
    "complexity": "medium",
    "deadline": null,
    "definition_of_done": [
      "Все функциональные возможности админ-панели протестированы.",
      "Изменения, внесенные через админ-панель, корректно отражаются в ответах чат-бота."
    ],
    "dependencies": [
      "T12",
      "T6",
      "T9"
    ],
    "description": "Комплексное тестирование админ-панели, включая проверку внесения изменений через интерфейс администратора и их корректного отображения в ответах чат-бота.",
    "estimated_hours": 20,
    "priority": "high",
    "story_points": 5,
    "task_id": "TASK-18",
    "title": "T13. Интеграционное тестирование админ-панели",
    "type": "testing",
    "project_id": "PROJ-20251128014105",
    "status": "planned",
    "created_at": "2025-11-28T01:58:55.611567"
  },
  {
    "assignee": null,
    "complexity": "medium",
    "deadline": null,
    "definition_of_done": [
      "Спецификация метрик и план сбора данных утверждены.",
      "Выбраны инструменты для аналитики."
    ],
    "dependencies": [
      "T1"
    ],
    "description": "Определение набора метрик для сбора (количество запросов, уникальные пользователи, топ-вопросы), выбор инструментов для их сбора и хранения, а также способов визуализации.",
    "estimated_hours": 12,
    "priority": "medium",
    "story_points": 3,
    "task_id": "TASK-19",
    "title": "T14. Проектирование модуля сбора метрик",
    "type": "development",
    "project_id": "PROJ-20251128014105",
    "status": "planned",
    "created_at": "2025-11-28T01:58:55.611569"
  },
  {
    "assignee": null,
    "complexity": "medium",
    "deadline": null,
    "definition_of_done": [
      "Бэкенд для сбора и агрегации метрик реализован и протестирован.",
      "API для получения аналитических данных функционирует."
    ],
    "dependencies": [
      "T2",
      "T11",
      "T14"
    ],
    "description": "Реализация логики сбора данных о запросах, пользователях и часто задаваемых вопросах. Создание механизмов для агрегации данных и предоставления их через API для отображения в админ-панели.",
    "estimated_hours": 20,
    "priority": "medium",
    "story_points": 5,
    "task_id": "TASK-20",
    "title": "T15. Разработка бэкенда для сбора и агрегации метрик",
    "type": "development",
    "project_id": "PROJ-20251128014105",
    "status": "planned",
    "created_at": "2025-11-28T01:58:55.611570"
  },
  {
    "assignee": null,
    "complexity": "medium",
    "deadline": null,
    "definition_of_done": [
      "Раздел аналитики в админ-панели разработан и отображает корректные данные.",
      "Графики и таблицы с метриками функционируют."
    ],
    "dependencies": [
      "T12",
      "T15"
    ],
    "description": "Реализация раздела аналитики в админ-панели с графиками и таблицами для визуализации собранных метрик, обеспечение взаимодействия с бэкенд API аналитики.",
    "estimated_hours": 20,
    "priority": "medium",
    "story_points": 5,
    "task_id": "TASK-21",
    "title": "T16. Разработка фронтенда для отображения аналитики",
    "type": "development",
    "project_id": "PROJ-20251128014105",
    "status": "planned",
    "created_at": "2025-11-28T01:58:55.611571"
  },
  {
    "assignee": null,
    "complexity": "low",
    "deadline": null,
    "definition_of_done": [
      "Все метрики отображаются корректно, функционал фильтрации работает.",
      "Ошибки в данных аналитики устранены."
    ],
    "dependencies": [
      "T16"
    ],
    "description": "Проверка корректности сбора, агрегации и отображения всех метрик в разделе аналитики админ-панели. Тестирование функционала фильтрации данных по дате.",
    "estimated_hours": 12,
    "priority": "medium",
    "story_points": 3,
    "task_id": "TASK-22",
    "title": "T17. Тестирование модуля аналитики",
    "type": "testing",
    "project_id": "PROJ-20251128014105",
    "status": "planned",
    "created_at": "2025-11-28T01:58:55.611573"
  },
  {
    "assignee": null,
    "complexity": "medium",
    "deadline": null,
    "definition_of_done": [
      "Набор тестовых данных и сценариев для NLP готов и утвержден.",
      "Методика оценки точности ответов определена."
    ],
    "dependencies": [],
    "description": "Создание comprehensive набора тестовых запросов с ожидаемыми ответами для оценки точности и релевантности работы чат-бота, включая синонимы, опечатки и различные формулировки.",
    "estimated_hours": 12,
    "priority": "high",
    "story_points": 3,
    "task_id": "TASK-23",
    "title": "T18. Разработка тестового сценария и набора данных для NLP",
    "type": "testing",
    "project_id": "PROJ-20251128014105",
    "status": "planned",
    "created_at": "2025-11-28T01:58:55.611574"
  },
  {
    "assignee": null,
    "complexity": "high",
    "deadline": null,
    "definition_of_done": [
      "Точность ответов чат-бота достигает целевого показателя (например, 90%).",
      "Обработка опечаток и синонимов существенно улучшена."
    ],
    "dependencies": [
      "T2",
      "T18"
    ],
    "description": "Постоянное улучшение NLP-модели чат-бота на основе новых данных, результатов тестирования и обратной связи для повышения точности понимания запросов, обработки синонимов и опечаток.",
    "estimated_hours": 32,
    "priority": "high",
    "story_points": 8,
    "task_id": "TASK-24",
    "title": "T19. Обучение и доработка модели NLP",
    "type": "development",
    "project_id": "PROJ-20251128014105",
    "status": "planned",
    "created_at": "2025-11-28T01:58:55.611575"
  },
  {
    "assignee": null,
    "complexity": "medium",
    "deadline": null,
    "definition_of_done": [
      "Проведены нагрузочные тесты с заданными параметрами.",
      "Время ответа чат-бота соответствует требованиям под нагрузкой.",
      "Отчет о нагрузочном тестировании готов."
    ],
    "dependencies": [
      "T2",
      "T4",
      "T5",
      "T8"
    ],
    "description": "Проведение нагрузочного тестирования чат-бота для оценки его производительности под высокой нагрузкой (например, 100 одновременных пользователей), с целью обеспечения стабильного времени ответа и отсутствия сбоев.",
    "estimated_hours": 20,
    "priority": "medium",
    "story_points": 5,
    "task_id": "TASK-25",
    "title": "T20. Нагрузочное тестирование чат-бота",
    "type": "testing",
    "project_id": "PROJ-20251128014105",
    "status": "planned",
    "created_at": "2025-11-28T01:58:55.611577"
  },
  {
    "assignee": null,
    "description": "Исследование доступных NLP-движков, выбор наиболее подходящего для задач университета и его базовая настройка.",
    "estimated_hours": 8,
    "parent_task_id": "T2",
    "subtask_id": "SUB-26",
    "title": "S2.1. Выбор и настройка NLP-движка",
    "project_id": "PROJ-20251128014105",
    "status": "planned",
    "created_at": "2025-11-28T01:58:55.611579"
  },
  {
    "assignee": null,
    "description": "Написание кода для основного цикла, который принимает запрос пользователя, передает его в NLP, получает интент и вызывает соответствующий обработчик.",
    "estimated_hours": 16,
    "parent_task_id": "T2",
    "subtask_id": "SUB-27",
    "title": "S2.2. Реализация основного цикла обработки запросов",
    "project_id": "PROJ-20251128014105",
    "status": "planned",
    "created_at": "2025-11-28T01:58:55.611581"
  },
  {
    "assignee": null,
    "description": "Настройка подключения чат-бота к одной из популярных платформ (например, Telegram, веб-виджет) для взаимодействия с пользователями.",
    "estimated_hours": 8,
    "parent_task_id": "T2",
    "subtask_id": "SUB-28",
    "title": "S2.3. Интеграция с базовой платформой обмена сообщениями",
    "project_id": "PROJ-20251128014105",
    "status": "planned",
    "created_at": "2025-11-28T01:58:55.611583"
  },
  {
    "task_id": "EPIC-1",
    "project_id": "PROJ-20251128014105",
    "title": "Разработка чат-бота для университета",
    "description": "Создание интеллектуального чат-бота, способного предоставлять информацию и отвечать на вопросы студентов, абитуриентов и сотрудников университета, а также имеющего панель управления для администраторов.",
    "type": "epic",
    "priority": "high",
    "status": "planned",
    "created_at": "2025-11-28T01:58:58.938814"
  },
  {
    "task_id": "US-2",
    "project_id": "PROJ-20251128014105",
    "title": "Получение информации о расписаниях, курсах и контактах",
    "description": "Как студент, я хочу задавать вопросы о академических расписаниях, доступных курсах и контактах преподавателей/отделов, чтобы быстро получать необходимую информацию без обращения к сотрудникам.",
    "type": "user_story",
    "priority": "high",
    "story_points": 8,
    "status": "planned",
    "created_at": "2025-11-28T01:58:58.938831"
  },
  {
    "task_id": "US-3",
    "project_id": "PROJ-20251128014105",
    "title": "Получение информации для абитуриентов",
    "description": "Как потенциальный абитуриент, я хочу задавать вопросы о требованиях для поступления и сроках подачи документов, чтобы правильно подготовить свои документы и своевременно подать заявление.",
    "type": "user_story",
    "priority": "medium",
    "story_points": 5,
    "status": "planned",
    "created_at": "2025-11-28T01:58:58.938839"
  },
  {
    "task_id": "US-4",
    "project_id": "PROJ-20251128014105",
    "title": "Управление и обновление данных чат-бота",
    "description": "Как администратор университета, я хочу легко обновлять информацию, доступную чат-боту (расписания, курсы, контакты, правила приема), чтобы пользователи всегда получали актуальные данные.",
    "type": "user_story",
    "priority": "high",
    "story_points": 13,
    "status": "planned",
    "created_at": "2025-11-28T01:58:58.938846"
  },
  {
    "task_id": "US-5",
    "project_id": "PROJ-20251128014105",
    "title": "Мониторинг использования и аналитика чат-бота",
    "description": "Как администратор университета, я хочу просматривать аналитические данные об использовании чат-бота и часто задаваемых вопросах, чтобы выявлять проблемные зоны и возможности для улучшения функционала.",
    "type": "user_story",
    "priority": "medium",
    "story_points": 8,
    "status": "planned",
    "created_at": "2025-11-28T01:58:58.938853"
  },
  {
    "assignee": null,
    "complexity": "medium",
    "deadline": null,
    "definition_of_done": [
      "Утвержденный архитектурный документ с описанием выбранного стека технологий.",
      "Схема взаимодействия модулей и внешних систем готова."
    ],
    "dependencies": [],
    "description": "Разработка высокоуровневой архитектуры чат-бота, выбор базовой платформы (например, Rasa, Dialogflow, Microsoft Bot Framework), определение основных модулей и их взаимодействия, а также возможных интеграций с внешними системами.",
    "estimated_hours": 20,
    "priority": "high",
    "story_points": 5,
    "task_id": "TASK-6",
    "title": "T1. Проектирование архитектуры чат-бота",
    "type": "development",
    "project_id": "PROJ-20251128014105",
    "status": "planned",
    "created_at": "2025-11-28T01:58:58.938857"
  },
  {
    "assignee": null,
    "complexity": "high",
    "deadline": null,
    "definition_of_done": [
      "Минимально жизнеспособный продукт (MVP) ядра чат-бота обрабатывает простые запросы и выдает заглушки ответов.",
      "NLP-движок настроен и способен распознавать базовые интенты."
    ],
    "dependencies": [
      "T1"
    ],
    "description": "Реализация основы чат-бота, включая модуль обработки естественного языка (NLP) для понимания пользовательских запросов, и базовую логику диалогового менеджера.",
    "estimated_hours": 32,
    "priority": "high",
    "story_points": 8,
    "task_id": "TASK-7",
    "title": "T2. Разработка базового функционала ядра чат-бота",
    "type": "development",
    "project_id": "PROJ-20251128014105",
    "status": "planned",
    "created_at": "2025-11-28T01:58:58.938859"
  },
  {
    "assignee": null,
    "complexity": "medium",
    "deadline": null,
    "definition_of_done": [
      "База данных с актуальными расписаниями и описаниями курсов готова.",
      "Контактные данные преподавателей и отделов собраны и структурированы."
    ],
    "dependencies": [],
    "description": "Сбор всей необходимой информации о расписаниях занятий, учебных курсах, учебных программах, а также контактных данных преподавателей и отделов университета. Подготовка данных для импорта в базу знаний чат-бота.",
    "estimated_hours": 20,
    "priority": "high",
    "story_points": 5,
    "task_id": "TASK-8",
    "title": "T3. Сбор и структурирование данных для расписаний и курсов",
    "type": "other",
    "project_id": "PROJ-20251128014105",
    "status": "planned",
    "created_at": "2025-11-28T01:58:58.938860"
  },
  {
    "assignee": null,
    "complexity": "high",
    "deadline": null,
    "definition_of_done": [
      "Чат-бот успешно отвечает на запросы, связанные с расписаниями и курсами.",
      "Ответы корректны и соответствуют данным из базы знаний."
    ],
    "dependencies": [
      "T2",
      "T3"
    ],
    "description": "Реализация логики извлечения и предоставления информации о расписаниях занятий и описаниях курсов из базы данных чат-бота на основе запросов пользователей.",
    "estimated_hours": 32,
    "priority": "high",
    "story_points": 8,
    "task_id": "TASK-9",
    "title": "T4. Разработка модуля ответов по расписаниям и курсам",
    "type": "development",
    "project_id": "PROJ-20251128014105",
    "status": "planned",
    "created_at": "2025-11-28T01:58:58.938862"
  },
  {
    "assignee": null,
    "complexity": "medium",
    "deadline": null,
    "definition_of_done": [
      "Чат-бот успешно отвечает на запросы о контактной информации.",
      "Ответы содержат актуальные и полные контактные данные."
    ],
    "dependencies": [
      "T2",
      "T3"
    ],
    "description": "Реализация логики извлечения и предоставления контактных данных преподавателей и отделов из базы данных чат-бота.",
    "estimated_hours": 20,
    "priority": "medium",
    "story_points": 5,
    "task_id": "TASK-10",
    "title": "T5. Разработка модуля ответов по контактам",
    "type": "development",
    "project_id": "PROJ-20251128014105",
    "status": "planned",
    "created_at": "2025-11-28T01:58:58.938864"
  },
  {
    "assignee": null,
    "complexity": "medium",
    "deadline": null,
    "definition_of_done": [
      "Все тест-кейсы для сценариев запросов расписаний, курсов и контактов пройдены успешно.",
      "Ошибки, связанные с точностью и полнотой ответов, исправлены."
    ],
    "dependencies": [
      "T4",
      "T5"
    ],
    "description": "Тестирование всех разработанных модулей для получения информации (расписания, курсы, контакты) на предмет корректности, точности и полноты ответов чат-бота на различные типы запросов студентов.",
    "estimated_hours": 20,
    "priority": "high",
    "story_points": 5,
    "task_id": "TASK-11",
    "title": "T6. Интеграционное тестирование функционала ответов (студенты)",
    "type": "testing",
    "project_id": "PROJ-20251128014105",
    "status": "planned",
    "created_at": "2025-11-28T01:58:58.938866"
  },
  {
    "assignee": null,
    "complexity": "low",
    "deadline": null,
    "definition_of_done": [
      "База данных с актуальной информацией для абитуриентов (требования, сроки) готова.",
      "Данные структурированы для использования чат-ботом."
    ],
    "dependencies": [],
    "description": "Сбор всей необходимой информации о требованиях для поступления, датах подачи документов, списке необходимых бумаг и вступительных испытаниях. Подготовка данных для импорта в базу знаний чат-бота.",
    "estimated_hours": 12,
    "priority": "medium",
    "story_points": 3,
    "task_id": "TASK-12",
    "title": "T7. Сбор и структурирование данных по приему абитуриентов",
    "type": "other",
    "project_id": "PROJ-20251128014105",
    "status": "planned",
    "created_at": "2025-11-28T01:58:58.938867"
  },
  {
    "assignee": null,
    "complexity": "medium",
    "deadline": null,
    "definition_of_done": [
      "Чат-бот успешно отвечает на вопросы абитуриентов.",
      "Предоставляемая информация соответствует требованиям и срокам."
    ],
    "dependencies": [
      "T2",
      "T7"
    ],
    "description": "Реализация логики извлечения и предоставления информации о требованиях для поступления и сроках подачи документов абитуриентам.",
    "estimated_hours": 20,
    "priority": "medium",
    "story_points": 5,
    "task_id": "TASK-13",
    "title": "T8. Разработка модуля ответов по приему абитуриентов",
    "type": "development",
    "project_id": "PROJ-20251128014105",
    "status": "planned",
    "created_at": "2025-11-28T01:58:58.938869"
  },
  {
    "assignee": null,
    "complexity": "low",
    "deadline": null,
    "definition_of_done": [
      "Все тест-кейсы для сценариев запросов абитуриентов пройдены успешно.",
      "Ошибки в ответах для абитуриентов исправлены."
    ],
    "dependencies": [
      "T8"
    ],
    "description": "Тестирование модуля ответов по приему абитуриентов на предмет точности, полноты и актуальности предоставляемой информации.",
    "estimated_hours": 12,
    "priority": "medium",
    "story_points": 3,
    "task_id": "TASK-14",
    "title": "T9. Тестирование функционала для абитуриентов",
    "type": "testing",
    "project_id": "PROJ-20251128014105",
    "status": "planned",
    "created_at": "2025-11-28T01:58:58.938870"
  },
  {
    "assignee": null,
    "complexity": "medium",
    "deadline": null,
    "definition_of_done": [
      "Макеты UI/UX для админ-панели готовы и утверждены заказчиком.",
      "Прототип взаимодействия пользователя с админ-панелью разработан."
    ],
    "dependencies": [],
    "description": "Разработка дизайна пользовательского интерфейса (UI/UX) для административной панели, включающей экраны для управления расписаниями, курсами, контактами и информацией для абитуриентов.",
    "estimated_hours": 12,
    "priority": "high",
    "story_points": 3,
    "task_id": "TASK-15",
    "title": "T10. Проектирование административной панели",
    "type": "design",
    "project_id": "PROJ-20251128014105",
    "status": "planned",
    "created_at": "2025-11-28T01:58:58.938872"
  },
  {
    "assignee": null,
    "complexity": "high",
    "deadline": null,
    "definition_of_done": [
      "Бэкенд API для админ-панели реализован и протестирован юнит-тестами.",
      "Все необходимые CRUD операции поддерживаются."
    ],
    "dependencies": [
      "T1",
      "T3",
      "T7"
    ],
    "description": "Реализация API и бизнес-логики для выполнения CRUD (создание, чтение, обновление, удаление) операций с данными, используемыми чат-ботом (расписания, курсы, контакты, прием), через административную панель.",
    "estimated_hours": 32,
    "priority": "high",
    "story_points": 8,
    "task_id": "TASK-16",
    "title": "T11. Разработка бэкенда для админ-панели",
    "type": "development",
    "project_id": "PROJ-20251128014105",
    "status": "planned",
    "created_at": "2025-11-28T01:58:58.938873"
  },
  {
    "assignee": null,
    "complexity": "high",
    "deadline": null,
    "definition_of_done": [
      "Фронтенд админ-панели разработан и интегрирован с бэкендом.",
      "Все элементы UI функционируют согласно дизайн-макетам."
    ],
    "dependencies": [
      "T10",
      "T11"
    ],
    "description": "Реализация пользовательского интерфейса административной панели на основе утвержденных макетов UI/UX, обеспечение взаимодействия с бэкенд API для управления данными.",
    "estimated_hours": 32,
    "priority": "high",
    "story_points": 8,
    "task_id": "TASK-17",
    "title": "T12. Разработка фронтенда для админ-панели",
    "type": "development",
    "project_id": "PROJ-20251128014105",
    "status": "planned",
    "created_at": "2025-11-28T01:58:58.938875"
  },
  {
    "assignee": null,
    "complexity": "medium",
    "deadline": null,
    "definition_of_done": [
      "Все функциональные возможности админ-панели протестированы.",
      "Изменения, внесенные через админ-панель, корректно отражаются в ответах чат-бота."
    ],
    "dependencies": [
      "T12",
      "T6",
      "T9"
    ],
    "description": "Комплексное тестирование админ-панели, включая проверку внесения изменений через интерфейс администратора и их корректного отображения в ответах чат-бота.",
    "estimated_hours": 20,
    "priority": "high",
    "story_points": 5,
    "task_id": "TASK-18",
    "title": "T13. Интеграционное тестирование админ-панели",
    "type": "testing",
    "project_id": "PROJ-20251128014105",
    "status": "planned",
    "created_at": "2025-11-28T01:58:58.938876"
  },
  {
    "assignee": null,
    "complexity": "medium",
    "deadline": null,
    "definition_of_done": [
      "Спецификация метрик и план сбора данных утверждены.",
      "Выбраны инструменты для аналитики."
    ],
    "dependencies": [
      "T1"
    ],
    "description": "Определение набора метрик для сбора (количество запросов, уникальные пользователи, топ-вопросы), выбор инструментов для их сбора и хранения, а также способов визуализации.",
    "estimated_hours": 12,
    "priority": "medium",
    "story_points": 3,
    "task_id": "TASK-19",
    "title": "T14. Проектирование модуля сбора метрик",
    "type": "development",
    "project_id": "PROJ-20251128014105",
    "status": "planned",
    "created_at": "2025-11-28T01:58:58.938878"
  },
  {
    "assignee": null,
    "complexity": "medium",
    "deadline": null,
    "definition_of_done": [
      "Бэкенд для сбора и агрегации метрик реализован и протестирован.",
      "API для получения аналитических данных функционирует."
    ],
    "dependencies": [
      "T2",
      "T11",
      "T14"
    ],
    "description": "Реализация логики сбора данных о запросах, пользователях и часто задаваемых вопросах. Создание механизмов для агрегации данных и предоставления их через API для отображения в админ-панели.",
    "estimated_hours": 20,
    "priority": "medium",
    "story_points": 5,
    "task_id": "TASK-20",
    "title": "T15. Разработка бэкенда для сбора и агрегации метрик",
    "type": "development",
    "project_id": "PROJ-20251128014105",
    "status": "planned",
    "created_at": "2025-11-28T01:58:58.938879"
  },
  {
    "assignee": null,
    "complexity": "medium",
    "deadline": null,
    "definition_of_done": [
      "Раздел аналитики в админ-панели разработан и отображает корректные данные.",
      "Графики и таблицы с метриками функционируют."
    ],
    "dependencies": [
      "T12",
      "T15"
    ],
    "description": "Реализация раздела аналитики в админ-панели с графиками и таблицами для визуализации собранных метрик, обеспечение взаимодействия с бэкенд API аналитики.",
    "estimated_hours": 20,
    "priority": "medium",
    "story_points": 5,
    "task_id": "TASK-21",
    "title": "T16. Разработка фронтенда для отображения аналитики",
    "type": "development",
    "project_id": "PROJ-20251128014105",
    "status": "planned",
    "created_at": "2025-11-28T01:58:58.938881"
  },
  {
    "assignee": null,
    "complexity": "low",
    "deadline": null,
    "definition_of_done": [
      "Все метрики отображаются корректно, функционал фильтрации работает.",
      "Ошибки в данных аналитики устранены."
    ],
    "dependencies": [
      "T16"
    ],
    "description": "Проверка корректности сбора, агрегации и отображения всех метрик в разделе аналитики админ-панели. Тестирование функционала фильтрации данных по дате.",
    "estimated_hours": 12,
    "priority": "medium",
    "story_points": 3,
    "task_id": "TASK-22",
    "title": "T17. Тестирование модуля аналитики",
    "type": "testing",
    "project_id": "PROJ-20251128014105",
    "status": "planned",
    "created_at": "2025-11-28T01:58:58.938882"
  },
  {
    "assignee": null,
    "complexity": "medium",
    "deadline": null,
    "definition_of_done": [
      "Набор тестовых данных и сценариев для NLP готов и утвержден.",
      "Методика оценки точности ответов определена."
    ],
    "dependencies": [],
    "description": "Создание comprehensive набора тестовых запросов с ожидаемыми ответами для оценки точности и релевантности работы чат-бота, включая синонимы, опечатки и различные формулировки.",
    "estimated_hours": 12,
    "priority": "high",
    "story_points": 3,
    "task_id": "TASK-23",
    "title": "T18. Разработка тестового сценария и набора данных для NLP",
    "type": "testing",
    "project_id": "PROJ-20251128014105",
    "status": "planned",
    "created_at": "2025-11-28T01:58:58.938884"
  },
  {
    "assignee": null,
    "complexity": "high",
    "deadline": null,
    "definition_of_done": [
      "Точность ответов чат-бота достигает целевого показателя (например, 90%).",
      "Обработка опечаток и синонимов существенно улучшена."
    ],
    "dependencies": [
      "T2",
      "T18"
    ],
    "description": "Постоянное улучшение NLP-модели чат-бота на основе новых данных, результатов тестирования и обратной связи для повышения точности понимания запросов, обработки синонимов и опечаток.",
    "estimated_hours": 32,
    "priority": "high",
    "story_points": 8,
    "task_id": "TASK-24",
    "title": "T19. Обучение и доработка модели NLP",
    "type": "development",
    "project_id": "PROJ-20251128014105",
    "status": "planned",
    "created_at": "2025-11-28T01:58:58.938885"
  },
  {
    "assignee": null,
    "complexity": "medium",
    "deadline": null,
    "definition_of_done": [
      "Проведены нагрузочные тесты с заданными параметрами.",
      "Время ответа чат-бота соответствует требованиям под нагрузкой.",
      "Отчет о нагрузочном тестировании готов."
    ],
    "dependencies": [
      "T2",
      "T4",
      "T5",
      "T8"
    ],
    "description": "Проведение нагрузочного тестирования чат-бота для оценки его производительности под высокой нагрузкой (например, 100 одновременных пользователей), с целью обеспечения стабильного времени ответа и отсутствия сбоев.",
    "estimated_hours": 20,
    "priority": "medium",
    "story_points": 5,
    "task_id": "TASK-25",
    "title": "T20. Нагрузочное тестирование чат-бота",
    "type": "testing",
    "project_id": "PROJ-20251128014105",
    "status": "planned",
    "created_at": "2025-11-28T01:58:58.938887"
  },
  {
    "assignee": null,
    "description": "Исследование доступных NLP-движков, выбор наиболее подходящего для задач университета и его базовая настройка.",
    "estimated_hours": 8,
    "parent_task_id": "T2",
    "subtask_id": "SUB-26",
    "title": "S2.1. Выбор и настройка NLP-движка",
    "project_id": "PROJ-20251128014105",
    "status": "planned",
    "created_at": "2025-11-28T01:58:58.938889"
  },
  {
    "assignee": null,
    "description": "Написание кода для основного цикла, который принимает запрос пользователя, передает его в NLP, получает интент и вызывает соответствующий обработчик.",
    "estimated_hours": 16,
    "parent_task_id": "T2",
    "subtask_id": "SUB-27",
    "title": "S2.2. Реализация основного цикла обработки запросов",
    "project_id": "PROJ-20251128014105",
    "status": "planned",
    "created_at": "2025-11-28T01:58:58.938891"
  },
  {
    "assignee": null,
    "description": "Настройка подключения чат-бота к одной из популярных платформ (например, Telegram, веб-виджет) для взаимодействия с пользователями.",
    "estimated_hours": 8,
    "parent_task_id": "T2",
    "subtask_id": "SUB-28",
    "title": "S2.3. Интеграция с базовой платформой обмена сообщениями",
    "project_id": "PROJ-20251128014105",
    "status": "planned",
    "created_at": "2025-11-28T01:58:58.938892"
  },
  {
    "task_id": "EPIC-1",
    "project_id": "PROJ-20251128014105",
    "title": "Разработка чат-бота для университета",
    "description": "Создание интеллектуального чат-бота, способного предоставлять информацию и отвечать на вопросы студентов, абитуриентов и сотрудников университета, а также имеющего панель управления для администраторов.",
    "type": "epic",
    "priority": "high",
    "status": "planned",
    "created_at": "2025-11-28T01:59:10.698558"
  },
  {
    "task_id": "US-2",
    "project_id": "PROJ-20251128014105",
    "title": "Получение информации о расписаниях, курсах и контактах",
    "description": "Как студент, я хочу задавать вопросы о академических расписаниях, доступных курсах и контактах преподавателей/отделов, чтобы быстро получать необходимую информацию без обращения к сотрудникам.",
    "type": "user_story",
    "priority": "high",
    "story_points": 8,
    "status": "planned",
    "created_at": "2025-11-28T01:59:10.698583"
  },
  {
    "task_id": "US-3",
    "project_id": "PROJ-20251128014105",
    "title": "Получение информации для абитуриентов",
    "description": "Как потенциальный абитуриент, я хочу задавать вопросы о требованиях для поступления и сроках подачи документов, чтобы правильно подготовить свои документы и своевременно подать заявление.",
    "type": "user_story",
    "priority": "medium",
    "story_points": 5,
    "status": "planned",
    "created_at": "2025-11-28T01:59:10.698596"
  },
  {
    "task_id": "US-4",
    "project_id": "PROJ-20251128014105",
    "title": "Управление и обновление данных чат-бота",
    "description": "Как администратор университета, я хочу легко обновлять информацию, доступную чат-боту (расписания, курсы, контакты, правила приема), чтобы пользователи всегда получали актуальные данные.",
    "type": "user_story",
    "priority": "high",
    "story_points": 13,
    "status": "planned",
    "created_at": "2025-11-28T01:59:10.698607"
  },
  {
    "task_id": "US-5",
    "project_id": "PROJ-20251128014105",
    "title": "Мониторинг использования и аналитика чат-бота",
    "description": "Как администратор университета, я хочу просматривать аналитические данные об использовании чат-бота и часто задаваемых вопросах, чтобы выявлять проблемные зоны и возможности для улучшения функционала.",
    "type": "user_story",
    "priority": "medium",
    "story_points": 8,
    "status": "planned",
    "created_at": "2025-11-28T01:59:10.698618"
  },
  {
    "assignee": null,
    "complexity": "medium",
    "deadline": null,
    "definition_of_done": [
      "Утвержденный архитектурный документ с описанием выбранного стека технологий.",
      "Схема взаимодействия модулей и внешних систем готова."
    ],
    "dependencies": [],
    "description": "Разработка высокоуровневой архитектуры чат-бота, выбор базовой платформы (например, Rasa, Dialogflow, Microsoft Bot Framework), определение основных модулей и их взаимодействия, а также возможных интеграций с внешними системами.",
    "estimated_hours": 20,
    "priority": "high",
    "story_points": 5,
    "task_id": "TASK-6",
    "title": "T1. Проектирование архитектуры чат-бота",
    "type": "development",
    "project_id": "PROJ-20251128014105",
    "status": "planned",
    "created_at": "2025-11-28T01:59:10.698624"
  },
  {
    "assignee": null,
    "complexity": "high",
    "deadline": null,
    "definition_of_done": [
      "Минимально жизнеспособный продукт (MVP) ядра чат-бота обрабатывает простые запросы и выдает заглушки ответов.",
      "NLP-движок настроен и способен распознавать базовые интенты."
    ],
    "dependencies": [
      "T1"
    ],
    "description": "Реализация основы чат-бота, включая модуль обработки естественного языка (NLP) для понимания пользовательских запросов, и базовую логику диалогового менеджера.",
    "estimated_hours": 32,
    "priority": "high",
    "story_points": 8,
    "task_id": "TASK-7",
    "title": "T2. Разработка базового функционала ядра чат-бота",
    "type": "development",
    "project_id": "PROJ-20251128014105",
    "status": "planned",
    "created_at": "2025-11-28T01:59:10.698628"
  },
  {
    "assignee": null,
    "complexity": "medium",
    "deadline": null,
    "definition_of_done": [
      "База данных с актуальными расписаниями и описаниями курсов готова.",
      "Контактные данные преподавателей и отделов собраны и структурированы."
    ],
    "dependencies": [],
    "description": "Сбор всей необходимой информации о расписаниях занятий, учебных курсах, учебных программах, а также контактных данных преподавателей и отделов университета. Подготовка данных для импорта в базу знаний чат-бота.",
    "estimated_hours": 20,
    "priority": "high",
    "story_points": 5,
    "task_id": "TASK-8",
    "title": "T3. Сбор и структурирование данных для расписаний и курсов",
    "type": "other",
    "project_id": "PROJ-20251128014105",
    "status": "planned",
    "created_at": "2025-11-28T01:59:10.698631"
  },
  {
    "assignee": null,
    "complexity": "high",
    "deadline": null,
    "definition_of_done": [
      "Чат-бот успешно отвечает на запросы, связанные с расписаниями и курсами.",
      "Ответы корректны и соответствуют данным из базы знаний."
    ],
    "dependencies": [
      "T2",
      "T3"
    ],
    "description": "Реализация логики извлечения и предоставления информации о расписаниях занятий и описаниях курсов из базы данных чат-бота на основе запросов пользователей.",
    "estimated_hours": 32,
    "priority": "high",
    "story_points": 8,
    "task_id": "TASK-9",
    "title": "T4. Разработка модуля ответов по расписаниям и курсам",
    "type": "development",
    "project_id": "PROJ-20251128014105",
    "status": "planned",
    "created_at": "2025-11-28T01:59:10.698633"
  },
  {
    "assignee": null,
    "complexity": "medium",
    "deadline": null,
    "definition_of_done": [
      "Чат-бот успешно отвечает на запросы о контактной информации.",
      "Ответы содержат актуальные и полные контактные данные."
    ],
    "dependencies": [
      "T2",
      "T3"
    ],
    "description": "Реализация логики извлечения и предоставления контактных данных преподавателей и отделов из базы данных чат-бота.",
    "estimated_hours": 20,
    "priority": "medium",
    "story_points": 5,
    "task_id": "TASK-10",
    "title": "T5. Разработка модуля ответов по контактам",
    "type": "development",
    "project_id": "PROJ-20251128014105",
    "status": "planned",
    "created_at": "2025-11-28T01:59:10.698638"
  },
  {
    "assignee": null,
    "complexity": "medium",
    "deadline": null,
    "definition_of_done": [
      "Все тест-кейсы для сценариев запросов расписаний, курсов и контактов пройдены успешно.",
      "Ошибки, связанные с точностью и полнотой ответов, исправлены."
    ],
    "dependencies": [
      "T4",
      "T5"
    ],
    "description": "Тестирование всех разработанных модулей для получения информации (расписания, курсы, контакты) на предмет корректности, точности и полноты ответов чат-бота на различные типы запросов студентов.",
    "estimated_hours": 20,
    "priority": "high",
    "story_points": 5,
    "task_id": "TASK-11",
    "title": "T6. Интеграционное тестирование функционала ответов (студенты)",
    "type": "testing",
    "project_id": "PROJ-20251128014105",
    "status": "planned",
    "created_at": "2025-11-28T01:59:10.698641"
  },
  {
    "assignee": null,
    "complexity": "low",
    "deadline": null,
    "definition_of_done": [
      "База данных с актуальной информацией для абитуриентов (требования, сроки) готова.",
      "Данные структурированы для использования чат-ботом."
    ],
    "dependencies": [],
    "description": "Сбор всей необходимой информации о требованиях для поступления, датах подачи документов, списке необходимых бумаг и вступительных испытаниях. Подготовка данных для импорта в базу знаний чат-бота.",
    "estimated_hours": 12,
    "priority": "medium",
    "story_points": 3,
    "task_id": "TASK-12",
    "title": "T7. Сбор и структурирование данных по приему абитуриентов",
    "type": "other",
    "project_id": "PROJ-20251128014105",
    "status": "planned",
    "created_at": "2025-11-28T01:59:10.698643"
  },
  {
    "assignee": null,
    "complexity": "medium",
    "deadline": null,
    "definition_of_done": [
      "Чат-бот успешно отвечает на вопросы абитуриентов.",
      "Предоставляемая информация соответствует требованиям и срокам."
    ],
    "dependencies": [
      "T2",
      "T7"
    ],
    "description": "Реализация логики извлечения и предоставления информации о требованиях для поступления и сроках подачи документов абитуриентам.",
    "estimated_hours": 20,
    "priority": "medium",
    "story_points": 5,
    "task_id": "TASK-13",
    "title": "T8. Разработка модуля ответов по приему абитуриентов",
    "type": "development",
    "project_id": "PROJ-20251128014105",
    "status": "planned",
    "created_at": "2025-11-28T01:59:10.698646"
  },
  {
    "assignee": null,
    "complexity": "low",
    "deadline": null,
    "definition_of_done": [
      "Все тест-кейсы для сценариев запросов абитуриентов пройдены успешно.",
      "Ошибки в ответах для абитуриентов исправлены."
    ],
    "dependencies": [
      "T8"
    ],
    "description": "Тестирование модуля ответов по приему абитуриентов на предмет точности, полноты и актуальности предоставляемой информации.",
    "estimated_hours": 12,
    "priority": "medium",
    "story_points": 3,
    "task_id": "TASK-14",
    "title": "T9. Тестирование функционала для абитуриентов",
    "type": "testing",
    "project_id": "PROJ-20251128014105",
    "status": "planned",
    "created_at": "2025-11-28T01:59:10.698648"
  },
  {
    "assignee": null,
    "complexity": "medium",
    "deadline": null,
    "definition_of_done": [
      "Макеты UI/UX для админ-панели готовы и утверждены заказчиком.",
      "Прототип взаимодействия пользователя с админ-панелью разработан."
    ],
    "dependencies": [],
    "description": "Разработка дизайна пользовательского интерфейса (UI/UX) для административной панели, включающей экраны для управления расписаниями, курсами, контактами и информацией для абитуриентов.",
    "estimated_hours": 12,
    "priority": "high",
    "story_points": 3,
    "task_id": "TASK-15",
    "title": "T10. Проектирование административной панели",
    "type": "design",
    "project_id": "PROJ-20251128014105",
    "status": "planned",
    "created_at": "2025-11-28T01:59:10.698651"
  },
  {
    "assignee": null,
    "complexity": "high",
    "deadline": null,
    "definition_of_done": [
      "Бэкенд API для админ-панели реализован и протестирован юнит-тестами.",
      "Все необходимые CRUD операции поддерживаются."
    ],
    "dependencies": [
      "T1",
      "T3",
      "T7"
    ],
    "description": "Реализация API и бизнес-логики для выполнения CRUD (создание, чтение, обновление, удаление) операций с данными, используемыми чат-ботом (расписания, курсы, контакты, прием), через административную панель.",
    "estimated_hours": 32,
    "priority": "high",
    "story_points": 8,
    "task_id": "TASK-16",
    "title": "T11. Разработка бэкенда для админ-панели",
    "type": "development",
    "project_id": "PROJ-20251128014105",
    "status": "planned",
    "created_at": "2025-11-28T01:59:10.698653"
  },
  {
    "assignee": null,
    "complexity": "high",
    "deadline": null,
    "definition_of_done": [
      "Фронтенд админ-панели разработан и интегрирован с бэкендом.",
      "Все элементы UI функционируют согласно дизайн-макетам."
    ],
    "dependencies": [
      "T10",
      "T11"
    ],
    "description": "Реализация пользовательского интерфейса административной панели на основе утвержденных макетов UI/UX, обеспечение взаимодействия с бэкенд API для управления данными.",
    "estimated_hours": 32,
    "priority": "high",
    "story_points": 8,
    "task_id": "TASK-17",
    "title": "T12. Разработка фронтенда для админ-панели",
    "type": "development",
    "project_id": "PROJ-20251128014105",
    "status": "planned",
    "created_at": "2025-11-28T01:59:10.698656"
  },
  {
    "assignee": null,
    "complexity": "medium",
    "deadline": null,
    "definition_of_done": [
      "Все функциональные возможности админ-панели протестированы.",
      "Изменения, внесенные через админ-панель, корректно отражаются в ответах чат-бота."
    ],
    "dependencies": [
      "T12",
      "T6",
      "T9"
    ],
    "description": "Комплексное тестирование админ-панели, включая проверку внесения изменений через интерфейс администратора и их корректного отображения в ответах чат-бота.",
    "estimated_hours": 20,
    "priority": "high",
    "story_points": 5,
    "task_id": "TASK-18",
    "title": "T13. Интеграционное тестирование админ-панели",
    "type": "testing",
    "project_id": "PROJ-20251128014105",
    "status": "planned",
    "created_at": "2025-11-28T01:59:10.698659"
  },
  {
    "assignee": null,
    "complexity": "medium",
    "deadline": null,
    "definition_of_done": [
      "Спецификация метрик и план сбора данных утверждены.",
      "Выбраны инструменты для аналитики."
    ],
    "dependencies": [
      "T1"
    ],
    "description": "Определение набора метрик для сбора (количество запросов, уникальные пользователи, топ-вопросы), выбор инструментов для их сбора и хранения, а также способов визуализации.",
    "estimated_hours": 12,
    "priority": "medium",
    "story_points": 3,
    "task_id": "TASK-19",
    "title": "T14. Проектирование модуля сбора метрик",
    "type": "development",
    "project_id": "PROJ-20251128014105",
    "status": "planned",
    "created_at": "2025-11-28T01:59:10.698662"
  },
  {
    "assignee": null,
    "complexity": "medium",
    "deadline": null,
    "definition_of_done": [
      "Бэкенд для сбора и агрегации метрик реализован и протестирован.",
      "API для получения аналитических данных функционирует."
    ],
    "dependencies": [
      "T2",
      "T11",
      "T14"
    ],
    "description": "Реализация логики сбора данных о запросах, пользователях и часто задаваемых вопросах. Создание механизмов для агрегации данных и предоставления их через API для отображения в админ-панели.",
    "estimated_hours": 20,
    "priority": "medium",
    "story_points": 5,
    "task_id": "TASK-20",
    "title": "T15. Разработка бэкенда для сбора и агрегации метрик",
    "type": "development",
    "project_id": "PROJ-20251128014105",
    "status": "planned",
    "created_at": "2025-11-28T01:59:10.698707"
  },
  {
    "assignee": null,
    "complexity": "medium",
    "deadline": null,
    "definition_of_done": [
      "Раздел аналитики в админ-панели разработан и отображает корректные данные.",
      "Графики и таблицы с метриками функционируют."
    ],
    "dependencies": [
      "T12",
      "T15"
    ],
    "description": "Реализация раздела аналитики в админ-панели с графиками и таблицами для визуализации собранных метрик, обеспечение взаимодействия с бэкенд API аналитики.",
    "estimated_hours": 20,
    "priority": "medium",
    "story_points": 5,
    "task_id": "TASK-21",
    "title": "T16. Разработка фронтенда для отображения аналитики",
    "type": "development",
    "project_id": "PROJ-20251128014105",
    "status": "planned",
    "created_at": "2025-11-28T01:59:10.698715"
  },
  {
    "assignee": null,
    "complexity": "low",
    "deadline": null,
    "definition_of_done": [
      "Все метрики отображаются корректно, функционал фильтрации работает.",
      "Ошибки в данных аналитики устранены."
    ],
    "dependencies": [
      "T16"
    ],
    "description": "Проверка корректности сбора, агрегации и отображения всех метрик в разделе аналитики админ-панели. Тестирование функционала фильтрации данных по дате.",
    "estimated_hours": 12,
    "priority": "medium",
    "story_points": 3,
    "task_id": "TASK-22",
    "title": "T17. Тестирование модуля аналитики",
    "type": "testing",
    "project_id": "PROJ-20251128014105",
    "status": "planned",
    "created_at": "2025-11-28T01:59:10.698831"
  },
  {
    "assignee": null,
    "complexity": "medium",
    "deadline": null,
    "definition_of_done": [
      "Набор тестовых данных и сценариев для NLP готов и утвержден.",
      "Методика оценки точности ответов определена."
    ],
    "dependencies": [],
    "description": "Создание comprehensive набора тестовых запросов с ожидаемыми ответами для оценки точности и релевантности работы чат-бота, включая синонимы, опечатки и различные формулировки.",
    "estimated_hours": 12,
    "priority": "high",
    "story_points": 3,
    "task_id": "TASK-23",
    "title": "T18. Разработка тестового сценария и набора данных для NLP",
    "type": "testing",
    "project_id": "PROJ-20251128014105",
    "status": "planned",
    "created_at": "2025-11-28T01:59:10.698836"
  },
  {
    "assignee": null,
    "complexity": "high",
    "deadline": null,
    "definition_of_done": [
      "Точность ответов чат-бота достигает целевого показателя (например, 90%).",
      "Обработка опечаток и синонимов существенно улучшена."
    ],
    "dependencies": [
      "T2",
      "T18"
    ],
    "description": "Постоянное улучшение NLP-модели чат-бота на основе новых данных, результатов тестирования и обратной связи для повышения точности понимания запросов, обработки синонимов и опечаток.",
    "estimated_hours": 32,
    "priority": "high",
    "story_points": 8,
    "task_id": "TASK-24",
    "title": "T19. Обучение и доработка модели NLP",
    "type": "development",
    "project_id": "PROJ-20251128014105",
    "status": "planned",
    "created_at": "2025-11-28T01:59:10.698839"
  },
  {
    "assignee": null,
    "complexity": "medium",
    "deadline": null,
    "definition_of_done": [
      "Проведены нагрузочные тесты с заданными параметрами.",
      "Время ответа чат-бота соответствует требованиям под нагрузкой.",
      "Отчет о нагрузочном тестировании готов."
    ],
    "dependencies": [
      "T2",
      "T4",
      "T5",
      "T8"
    ],
    "description": "Проведение нагрузочного тестирования чат-бота для оценки его производительности под высокой нагрузкой (например, 100 одновременных пользователей), с целью обеспечения стабильного времени ответа и отсутствия сбоев.",
    "estimated_hours": 20,
    "priority": "medium",
    "story_points": 5,
    "task_id": "TASK-25",
    "title": "T20. Нагрузочное тестирование чат-бота",
    "type": "testing",
    "project_id": "PROJ-20251128014105",
    "status": "planned",
    "created_at": "2025-11-28T01:59:10.698842"
  },
  {
    "assignee": null,
    "description": "Исследование доступных NLP-движков, выбор наиболее подходящего для задач университета и его базовая настройка.",
    "estimated_hours": 8,
    "parent_task_id": "T2",
    "subtask_id": "SUB-26",
    "title": "S2.1. Выбор и настройка NLP-движка",
    "project_id": "PROJ-20251128014105",
    "status": "planned",
    "created_at": "2025-11-28T01:59:10.698848"
  },
  {
    "assignee": null,
    "description": "Написание кода для основного цикла, который принимает запрос пользователя, передает его в NLP, получает интент и вызывает соответствующий обработчик.",
    "estimated_hours": 16,
    "parent_task_id": "T2",
    "subtask_id": "SUB-27",
    "title": "S2.2. Реализация основного цикла обработки запросов",
    "project_id": "PROJ-20251128014105",
    "status": "planned",
    "created_at": "2025-11-28T01:59:10.698851"
  },
  {
    "assignee": null,
    "description": "Настройка подключения чат-бота к одной из популярных платформ (например, Telegram, веб-виджет) для взаимодействия с пользователями.",
    "estimated_hours": 8,
    "parent_task_id": "T2",
    "subtask_id": "SUB-28",
    "title": "S2.3. Интеграция с базовой платформой обмена сообщениями",
    "project_id": "PROJ-20251128014105",
    "status": "planned",
    "created_at": "2025-11-28T01:59:10.698854"
  }
]